vehicle_id,vehicle_type,firmware_version
1101051764,sitdown scooter,DYLmtuLT3lIVe8c0hu7ULQ==
1101021400,sitdown scooter,FRb7xwal/NPRKSGLTfu2fA==
1001048609,sitdown scooter,H+yoYFwuwDc5U1Y2rFNkOg==
1001022510,sitdown scooter,H+yoYFwuwDc5U1Y2rFNkOg==
1001023648,sitdown scooter,H+yoYFwuwDc5U1Y2rFNkOg==
1001017250,sitdown scooter,H+yoYFwuwDc5U1Y2rFNkOg==
1001044175,sitdown scooter,H+yoYFwuwDc5U1Y2rFNkOg==
1001048558,sitdown scooter,H+yoYFwuwDc5U1Y2rFNkOg==
1001044452,sitdown scooter,H+yoYFwuwDc5U1Y2rFNkOg==
1001023814,sitdown scooter,H+yoYFwuwDc5U1Y2rFNkOg==
1001021550,sitdown scooter,H+yoYFwuwDc5U1Y2rFNkOg==
1001022073,sitdown scooter,H+yoYFwuwDc5U1Y2rFNkOg==
1001044425,sitdown scooter,H+yoYFwuwDc5U1Y2rFNkOg==
1001044552,sitdown scooter,H+yoYFwuwDc5U1Y2rFNkOg==
1001023784,sitdown scooter,H+yoYFwuwDc5U1Y2rFNkOg==
1001023603,sitdown scooter,H+yoYFwuwDc5U1Y2rFNkOg==
1001043585,sitdown scooter,H+yoYFwuwDc5U1Y2rFNkOg==
1001024027,sitdown scooter,H+yoYFwuwDc5U1Y2rFNkOg==
1001023901,sitdown scooter,H+yoYFwuwDc5U1Y2rFNkOg==
1001023098,sitdown scooter,H+yoYFwuwDc5U1Y2rFNkOg==
1001023631,sitdown scooter,H+yoYFwuwDc5U1Y2rFNkOg==
1001024116,sitdown scooter,H+yoYFwuwDc5U1Y2rFNkOg==
1001023632,sitdown scooter,H+yoYFwuwDc5U1Y2rFNkOg==
1001044369,sitdown scooter,H+yoYFwuwDc5U1Y2rFNkOg==
1001019242,sitdown scooter,H+yoYFwuwDc5U1Y2rFNkOg==
1001022418,sitdown scooter,H+yoYFwuwDc5U1Y2rFNkOg==
1001021065,sitdown scooter,H+yoYFwuwDc5U1Y2rFNkOg==
1001044469,sitdown scooter,H+yoYFwuwDc5U1Y2rFNkOg==
1001019441,sitdown scooter,H+yoYFwuwDc5U1Y2rFNkOg==
1001043482,sitdown scooter,H+yoYFwuwDc5U1Y2rFNkOg==
1001048541,sitdown scooter,H+yoYFwuwDc5U1Y2rFNkOg==
1001024059,sitdown scooter,H+yoYFwuwDc5U1Y2rFNkOg==
1001023729,sitdown scooter,H+yoYFwuwDc5U1Y2rFNkOg==
1001048663,sitdown scooter,H+yoYFwuwDc5U1Y2rFNkOg==
1001043688,sitdown scooter,H+yoYFwuwDc5U1Y2rFNkOg==
1001018619,sitdown scooter,H+yoYFwuwDc5U1Y2rFNkOg==
1001017561,sitdown scooter,H+yoYFwuwDc5U1Y2rFNkOg==
1001022403,sitdown scooter,H+yoYFwuwDc5U1Y2rFNkOg==
1001024061,sitdown scooter,H+yoYFwuwDc5U1Y2rFNkOg==
1001023108,sitdown scooter,H+yoYFwuwDc5U1Y2rFNkOg==
1001023695,sitdown scooter,H+yoYFwuwDc5U1Y2rFNkOg==
1001021042,sitdown scooter,H+yoYFwuwDc5U1Y2rFNkOg==
1001022388,sitdown scooter,H+yoYFwuwDc5U1Y2rFNkOg==
1001044380,sitdown scooter,H+yoYFwuwDc5U1Y2rFNkOg==
1001023958,sitdown scooter,H+yoYFwuwDc5U1Y2rFNkOg==
1001023086,sitdown scooter,H+yoYFwuwDc5U1Y2rFNkOg==
1001018205,sitdown scooter,H+yoYFwuwDc5U1Y2rFNkOg==
1001043840,sitdown scooter,H+yoYFwuwDc5U1Y2rFNkOg==
1001017605,sitdown scooter,H+yoYFwuwDc5U1Y2rFNkOg==
1001017484,sitdown scooter,H+yoYFwuwDc5U1Y2rFNkOg==
1001022383,sitdown scooter,H+yoYFwuwDc5U1Y2rFNkOg==
1001044525,sitdown scooter,H+yoYFwuwDc5U1Y2rFNkOg==
1001043842,sitdown scooter,H+yoYFwuwDc5U1Y2rFNkOg==
1001018329,sitdown scooter,H+yoYFwuwDc5U1Y2rFNkOg==
1001021341,sitdown scooter,H+yoYFwuwDc5U1Y2rFNkOg==
1001044465,sitdown scooter,H+yoYFwuwDc5U1Y2rFNkOg==
1001022208,sitdown scooter,H+yoYFwuwDc5U1Y2rFNkOg==
1001048670,sitdown scooter,H+yoYFwuwDc5U1Y2rFNkOg==
1001022143,sitdown scooter,H+yoYFwuwDc5U1Y2rFNkOg==
1001023100,sitdown scooter,H+yoYFwuwDc5U1Y2rFNkOg==
1001043819,sitdown scooter,H+yoYFwuwDc5U1Y2rFNkOg==
1001018378,sitdown scooter,H+yoYFwuwDc5U1Y2rFNkOg==
1001043147,sitdown scooter,H+yoYFwuwDc5U1Y2rFNkOg==
1001023126,sitdown scooter,H+yoYFwuwDc5U1Y2rFNkOg==
1001048703,sitdown scooter,H+yoYFwuwDc5U1Y2rFNkOg==
1001023577,sitdown scooter,H+yoYFwuwDc5U1Y2rFNkOg==
1001048557,sitdown scooter,H+yoYFwuwDc5U1Y2rFNkOg==
1001016953,sitdown scooter,H+yoYFwuwDc5U1Y2rFNkOg==
1001030514,sitdown scooter,H+yoYFwuwDc5U1Y2rFNkOg==
1001043667,sitdown scooter,H+yoYFwuwDc5U1Y2rFNkOg==
1001017304,sitdown scooter,H+yoYFwuwDc5U1Y2rFNkOg==
1001043542,sitdown scooter,H+yoYFwuwDc5U1Y2rFNkOg==
1001016149,sitdown scooter,H+yoYFwuwDc5U1Y2rFNkOg==
1001023788,sitdown scooter,H+yoYFwuwDc5U1Y2rFNkOg==
1001015802,sitdown scooter,H+yoYFwuwDc5U1Y2rFNkOg==
1001021698,sitdown scooter,H+yoYFwuwDc5U1Y2rFNkOg==
1101032867,sitdown scooter,IH3Q15R3bd44mlkgsrzgzw==
1001019742,sitdown scooter,KUkKPvwQtnfZpkHZE7SqKg==
1001022813,sitdown scooter,PMzL9HHzJpO7yQBI3CusCw==
1001023144,sitdown scooter,PMzL9HHzJpO7yQBI3CusCw==
1001043829,sitdown scooter,PMzL9HHzJpO7yQBI3CusCw==
1001022220,sitdown scooter,Ppv0bd9SddK/sW4GH7wW6w==
1001044584,sitdown scooter,Ppv0bd9SddK/sW4GH7wW6w==
1001022114,sitdown scooter,Ppv0bd9SddK/sW4GH7wW6w==
1001019004,sitdown scooter,Ppv0bd9SddK/sW4GH7wW6w==
1001016668,sitdown scooter,Ppv0bd9SddK/sW4GH7wW6w==
1001021717,sitdown scooter,Ppv0bd9SddK/sW4GH7wW6w==
1001023128,sitdown scooter,Ppv0bd9SddK/sW4GH7wW6w==
1001019193,sitdown scooter,Ppv0bd9SddK/sW4GH7wW6w==
1001043866,sitdown scooter,Ppv0bd9SddK/sW4GH7wW6w==
1001014867,sitdown scooter,QM0mKA8o18F7T1O8GOc+ZA==
1001044316,sitdown scooter,R3gg1sCdrzh27kusMF84cA==
1001048594,sitdown scooter,R3gg1sCdrzh27kusMF84cA==
1101020713,sitdown scooter,WjSpI6qJErwi33QRVf41YQ==
1101019234,sitdown scooter,WjSpI6qJErwi33QRVf41YQ==
1101021067,sitdown scooter,XsTebr9octdjZFBf/yXImg==
1101019310,sitdown scooter,XsTebr9octdjZFBf/yXImg==
1101020170,sitdown scooter,XsTebr9octdjZFBf/yXImg==
1101021068,sitdown scooter,XsTebr9octdjZFBf/yXImg==
1101051953,sitdown scooter,XsTebr9octdjZFBf/yXImg==
1101019827,sitdown scooter,XsTebr9octdjZFBf/yXImg==
1101019296,sitdown scooter,XsTebr9octdjZFBf/yXImg==
1101021040,sitdown scooter,XsTebr9octdjZFBf/yXImg==
1101020118,sitdown scooter,XsTebr9octdjZFBf/yXImg==
1101021041,sitdown scooter,XsTebr9octdjZFBf/yXImg==
1101021048,sitdown scooter,XsTebr9octdjZFBf/yXImg==
1101021070,sitdown scooter,XsTebr9octdjZFBf/yXImg==
1101051784,sitdown scooter,XsTebr9octdjZFBf/yXImg==
1101021105,sitdown scooter,XsTebr9octdjZFBf/yXImg==
1101019956,sitdown scooter,XsTebr9octdjZFBf/yXImg==
1101020319,sitdown scooter,XsTebr9octdjZFBf/yXImg==
1101021407,sitdown scooter,XsTebr9octdjZFBf/yXImg==
1101021037,sitdown scooter,XsTebr9octdjZFBf/yXImg==
1101021051,sitdown scooter,XsTebr9octdjZFBf/yXImg==
1101019306,sitdown scooter,XsTebr9octdjZFBf/yXImg==
1101019909,sitdown scooter,XsTebr9octdjZFBf/yXImg==
1101020153,sitdown scooter,XsTebr9octdjZFBf/yXImg==
1101019297,sitdown scooter,XsTebr9octdjZFBf/yXImg==
1101021073,sitdown scooter,XsTebr9octdjZFBf/yXImg==
1101019972,sitdown scooter,XsTebr9octdjZFBf/yXImg==
1101021390,sitdown scooter,XsTebr9octdjZFBf/yXImg==
1101021060,sitdown scooter,XsTebr9octdjZFBf/yXImg==
1101021399,sitdown scooter,XsTebr9octdjZFBf/yXImg==
1101019837,sitdown scooter,XsTebr9octdjZFBf/yXImg==
1101020261,sitdown scooter,XsTebr9octdjZFBf/yXImg==
1101019278,sitdown scooter,XsTebr9octdjZFBf/yXImg==
1101037863,sitdown scooter,XsTebr9octdjZFBf/yXImg==
1101019387,sitdown scooter,XsTebr9octdjZFBf/yXImg==
1101020243,sitdown scooter,XsTebr9octdjZFBf/yXImg==
1101019906,sitdown scooter,XsTebr9octdjZFBf/yXImg==
1101019855,sitdown scooter,XsTebr9octdjZFBf/yXImg==
1101019545,sitdown scooter,XsTebr9octdjZFBf/yXImg==
1101022148,sitdown scooter,XsTebr9octdjZFBf/yXImg==
1101019896,sitdown scooter,XsTebr9octdjZFBf/yXImg==
1101019901,sitdown scooter,XsTebr9octdjZFBf/yXImg==
1101021115,sitdown scooter,XsTebr9octdjZFBf/yXImg==
1101019273,sitdown scooter,XsTebr9octdjZFBf/yXImg==
1101019380,sitdown scooter,XsTebr9octdjZFBf/yXImg==
1101019862,sitdown scooter,XsTebr9octdjZFBf/yXImg==
1101019964,sitdown scooter,XsTebr9octdjZFBf/yXImg==
1101019840,sitdown scooter,XsTebr9octdjZFBf/yXImg==
1101052277,sitdown scooter,XsTebr9octdjZFBf/yXImg==
1101019920,sitdown scooter,XsTebr9octdjZFBf/yXImg==
1101020150,sitdown scooter,XsTebr9octdjZFBf/yXImg==
1101020253,sitdown scooter,XsTebr9octdjZFBf/yXImg==
1101019865,sitdown scooter,XsTebr9octdjZFBf/yXImg==
1101019868,sitdown scooter,XsTebr9octdjZFBf/yXImg==
1101051779,sitdown scooter,XsTebr9octdjZFBf/yXImg==
1101019370,sitdown scooter,XsTebr9octdjZFBf/yXImg==
1101052192,sitdown scooter,XsTebr9octdjZFBf/yXImg==
1001019541,sitdown scooter,YiR+0ZXfK3B2F4vdOIrjJw==
1101020334,sitdown scooter,aPo+eUvfBW8oFEfdZ9Urmg==
1001014497,sitdown scooter,a2TkxcenA08Ltt7FUN4GDA==
1001043906,sitdown scooter,e5WJciYfO7KtbE/PkvkIwA==
1001043933,sitdown scooter,e5WJciYfO7KtbE/PkvkIwA==
1001043648,sitdown scooter,jxBTOqpzAJY+BkaEjfK53g==
1001015171,sitdown scooter,jxBTOqpzAJY+BkaEjfK53g==
1001048710,sitdown scooter,jxBTOqpzAJY+BkaEjfK53g==
1001021387,sitdown scooter,jxBTOqpzAJY+BkaEjfK53g==
1001016850,sitdown scooter,jxBTOqpzAJY+BkaEjfK53g==
1101032661,sitdown scooter,j2nhIg6Xc+mkWZ5ynP7Jyg==
1101019885,sitdown scooter,j2nhIg6Xc+mkWZ5ynP7Jyg==
1101032888,sitdown scooter,j2nhIg6Xc+mkWZ5ynP7Jyg==
1101021911,sitdown scooter,j2nhIg6Xc+mkWZ5ynP7Jyg==
1101032832,sitdown scooter,j2nhIg6Xc+mkWZ5ynP7Jyg==
1101019891,sitdown scooter,j2nhIg6Xc+mkWZ5ynP7Jyg==
1101020186,sitdown scooter,j2nhIg6Xc+mkWZ5ynP7Jyg==
1101020164,sitdown scooter,j2nhIg6Xc+mkWZ5ynP7Jyg==
1101019322,sitdown scooter,j2nhIg6Xc+mkWZ5ynP7Jyg==
1101019911,sitdown scooter,j2nhIg6Xc+mkWZ5ynP7Jyg==
1101037644,sitdown scooter,j2nhIg6Xc+mkWZ5ynP7Jyg==
1101037664,sitdown scooter,j2nhIg6Xc+mkWZ5ynP7Jyg==
1101037833,sitdown scooter,j2nhIg6Xc+mkWZ5ynP7Jyg==
1101019907,sitdown scooter,j2nhIg6Xc+mkWZ5ynP7Jyg==
1101021708,sitdown scooter,j2nhIg6Xc+mkWZ5ynP7Jyg==
1101021413,sitdown scooter,j2nhIg6Xc+mkWZ5ynP7Jyg==
1101021111,sitdown scooter,j2nhIg6Xc+mkWZ5ynP7Jyg==
1101037886,sitdown scooter,j2nhIg6Xc+mkWZ5ynP7Jyg==
1101019264,sitdown scooter,j2nhIg6Xc+mkWZ5ynP7Jyg==
1101019378,sitdown scooter,j2nhIg6Xc+mkWZ5ynP7Jyg==
1101022080,sitdown scooter,j2nhIg6Xc+mkWZ5ynP7Jyg==
1101021405,sitdown scooter,j2nhIg6Xc+mkWZ5ynP7Jyg==
1101019829,sitdown scooter,j2nhIg6Xc+mkWZ5ynP7Jyg==
1101019831,sitdown scooter,j2nhIg6Xc+mkWZ5ynP7Jyg==
1101037872,sitdown scooter,j2nhIg6Xc+mkWZ5ynP7Jyg==
1101037637,sitdown scooter,j2nhIg6Xc+mkWZ5ynP7Jyg==
1101019931,sitdown scooter,j2nhIg6Xc+mkWZ5ynP7Jyg==
1101037660,sitdown scooter,j2nhIg6Xc+mkWZ5ynP7Jyg==
1101019955,sitdown scooter,j2nhIg6Xc+mkWZ5ynP7Jyg==
1101019962,sitdown scooter,j2nhIg6Xc+mkWZ5ynP7Jyg==
1101037659,sitdown scooter,j2nhIg6Xc+mkWZ5ynP7Jyg==
1101037625,sitdown scooter,j2nhIg6Xc+mkWZ5ynP7Jyg==
1101019881,sitdown scooter,j2nhIg6Xc+mkWZ5ynP7Jyg==
1101021059,sitdown scooter,j2nhIg6Xc+mkWZ5ynP7Jyg==
1101020208,sitdown scooter,j2nhIg6Xc+mkWZ5ynP7Jyg==
1101019276,sitdown scooter,j2nhIg6Xc+mkWZ5ynP7Jyg==
1101037694,sitdown scooter,j2nhIg6Xc+mkWZ5ynP7Jyg==
1101019400,sitdown scooter,j2nhIg6Xc+mkWZ5ynP7Jyg==
1101037662,sitdown scooter,j2nhIg6Xc+mkWZ5ynP7Jyg==
1101019399,sitdown scooter,j2nhIg6Xc+mkWZ5ynP7Jyg==
1101037652,sitdown scooter,j2nhIg6Xc+mkWZ5ynP7Jyg==
1101019312,sitdown scooter,j2nhIg6Xc+mkWZ5ynP7Jyg==
1101037657,sitdown scooter,j2nhIg6Xc+mkWZ5ynP7Jyg==
1101032886,sitdown scooter,j2nhIg6Xc+mkWZ5ynP7Jyg==
1101019873,sitdown scooter,j2nhIg6Xc+mkWZ5ynP7Jyg==
1101019407,sitdown scooter,j2nhIg6Xc+mkWZ5ynP7Jyg==
1101019231,sitdown scooter,j2nhIg6Xc+mkWZ5ynP7Jyg==
1101021089,sitdown scooter,j2nhIg6Xc+mkWZ5ynP7Jyg==
1101037658,sitdown scooter,j2nhIg6Xc+mkWZ5ynP7Jyg==
1101020191,sitdown scooter,j2nhIg6Xc+mkWZ5ynP7Jyg==
1101021084,sitdown scooter,j2nhIg6Xc+mkWZ5ynP7Jyg==
1101032841,sitdown scooter,j2nhIg6Xc+mkWZ5ynP7Jyg==
1101019373,sitdown scooter,j2nhIg6Xc+mkWZ5ynP7Jyg==
1101021039,sitdown scooter,j2nhIg6Xc+mkWZ5ynP7Jyg==
1101021103,sitdown scooter,j2nhIg6Xc+mkWZ5ynP7Jyg==
1101019343,sitdown scooter,j2nhIg6Xc+mkWZ5ynP7Jyg==
1101032851,sitdown scooter,j2nhIg6Xc+mkWZ5ynP7Jyg==
1101020258,sitdown scooter,j2nhIg6Xc+mkWZ5ynP7Jyg==
1101019383,sitdown scooter,j2nhIg6Xc+mkWZ5ynP7Jyg==
1101032893,sitdown scooter,j2nhIg6Xc+mkWZ5ynP7Jyg==
1101053436,sitdown scooter,j2nhIg6Xc+mkWZ5ynP7Jyg==
1101019184,sitdown scooter,j2nhIg6Xc+mkWZ5ynP7Jyg==
1101019345,sitdown scooter,j2nhIg6Xc+mkWZ5ynP7Jyg==
1101032855,sitdown scooter,j2nhIg6Xc+mkWZ5ynP7Jyg==
1101032891,sitdown scooter,j2nhIg6Xc+mkWZ5ynP7Jyg==
1101037667,sitdown scooter,j2nhIg6Xc+mkWZ5ynP7Jyg==
1101020279,sitdown scooter,j2nhIg6Xc+mkWZ5ynP7Jyg==
1101019239,sitdown scooter,j2nhIg6Xc+mkWZ5ynP7Jyg==
1101019194,sitdown scooter,j2nhIg6Xc+mkWZ5ynP7Jyg==
1101019908,sitdown scooter,j2nhIg6Xc+mkWZ5ynP7Jyg==
1101019886,sitdown scooter,j2nhIg6Xc+mkWZ5ynP7Jyg==
1101020187,sitdown scooter,j2nhIg6Xc+mkWZ5ynP7Jyg==
1101019841,sitdown scooter,j2nhIg6Xc+mkWZ5ynP7Jyg==
1101037684,sitdown scooter,j2nhIg6Xc+mkWZ5ynP7Jyg==
1101019362,sitdown scooter,j2nhIg6Xc+mkWZ5ynP7Jyg==
1101020190,sitdown scooter,j2nhIg6Xc+mkWZ5ynP7Jyg==
1101037650,sitdown scooter,j2nhIg6Xc+mkWZ5ynP7Jyg==
1101032838,sitdown scooter,j2nhIg6Xc+mkWZ5ynP7Jyg==
1101020158,sitdown scooter,xRJHDUZUn+zA9WRBHFvR+w==
1101037865,sitdown scooter,xRJHDUZUn+zA9WRBHFvR+w==
1101019249,sitdown scooter,1sa8iNaVK7ebytLwDFs2/g==
1101037604,sitdown scooter,1sa8iNaVK7ebytLwDFs2/g==
1001022714,sitdown scooter,1wjl8MXGmFYKeElotFGPww==
1001023118,sitdown scooter,1wjl8MXGmFYKeElotFGPww==
1001023079,sitdown scooter,1wjl8MXGmFYKeElotFGPww==
1101019243,sitdown scooter,6BlUJxNnH6pJ7KGg+12H4A==
1001023985,sitdown scooter,9QH501kQHwNSbx61d/X9EA==
1001017969,sitdown scooter,97tgEtJYWyO2JHhLVFX6Xg==
1001018225,sitdown scooter,97tgEtJYWyO2JHhLVFX6Xg==
1001023894,sitdown scooter,97tgEtJYWyO2JHhLVFX6Xg==
1001022343,sitdown scooter,97tgEtJYWyO2JHhLVFX6Xg==
1001022096,sitdown scooter,97tgEtJYWyO2JHhLVFX6Xg==
1001043553,sitdown scooter,97tgEtJYWyO2JHhLVFX6Xg==
1001022275,sitdown scooter,97tgEtJYWyO2JHhLVFX6Xg==
1001023008,sitdown scooter,97tgEtJYWyO2JHhLVFX6Xg==
1001017773,sitdown scooter,97tgEtJYWyO2JHhLVFX6Xg==
1001017441,sitdown scooter,97tgEtJYWyO2JHhLVFX6Xg==
1001048755,sitdown scooter,97tgEtJYWyO2JHhLVFX6Xg==
1001044617,sitdown scooter,97tgEtJYWyO2JHhLVFX6Xg==
1001017625,sitdown scooter,97tgEtJYWyO2JHhLVFX6Xg==
1001024014,sitdown scooter,97tgEtJYWyO2JHhLVFX6Xg==
1001048535,sitdown scooter,97tgEtJYWyO2JHhLVFX6Xg==
1001017463,sitdown scooter,97tgEtJYWyO2JHhLVFX6Xg==
1001015868,sitdown scooter,97tgEtJYWyO2JHhLVFX6Xg==
1001023157,sitdown scooter,97tgEtJYWyO2JHhLVFX6Xg==
1001022688,sitdown scooter,97tgEtJYWyO2JHhLVFX6Xg==
1001022514,sitdown scooter,97tgEtJYWyO2JHhLVFX6Xg==
1001021696,sitdown scooter,97tgEtJYWyO2JHhLVFX6Xg==
1001044410,sitdown scooter,97tgEtJYWyO2JHhLVFX6Xg==
1001018478,sitdown scooter,97tgEtJYWyO2JHhLVFX6Xg==
1001023815,sitdown scooter,97tgEtJYWyO2JHhLVFX6Xg==
1001018190,sitdown scooter,97tgEtJYWyO2JHhLVFX6Xg==
1001017256,sitdown scooter,97tgEtJYWyO2JHhLVFX6Xg==
1001017461,sitdown scooter,97tgEtJYWyO2JHhLVFX6Xg==
1001019680,sitdown scooter,97tgEtJYWyO2JHhLVFX6Xg==
1001043855,sitdown scooter,97tgEtJYWyO2JHhLVFX6Xg==
1001018815,sitdown scooter,97tgEtJYWyO2JHhLVFX6Xg==
1001018135,sitdown scooter,97tgEtJYWyO2JHhLVFX6Xg==
1001019127,sitdown scooter,97tgEtJYWyO2JHhLVFX6Xg==
1001024335,sitdown scooter,97tgEtJYWyO2JHhLVFX6Xg==
1001030575,sitdown scooter,97tgEtJYWyO2JHhLVFX6Xg==
1001023961,sitdown scooter,97tgEtJYWyO2JHhLVFX6Xg==
1001022391,sitdown scooter,97tgEtJYWyO2JHhLVFX6Xg==
1001017798,sitdown scooter,97tgEtJYWyO2JHhLVFX6Xg==
1001019355,sitdown scooter,97tgEtJYWyO2JHhLVFX6Xg==
1001018098,sitdown scooter,97tgEtJYWyO2JHhLVFX6Xg==
1001015738,sitdown scooter,97tgEtJYWyO2JHhLVFX6Xg==
1001015871,sitdown scooter,97tgEtJYWyO2JHhLVFX6Xg==
1001048596,sitdown scooter,97tgEtJYWyO2JHhLVFX6Xg==
1001019009,sitdown scooter,97tgEtJYWyO2JHhLVFX6Xg==
1001016041,sitdown scooter,97tgEtJYWyO2JHhLVFX6Xg==
1001023782,sitdown scooter,97tgEtJYWyO2JHhLVFX6Xg==
1001023716,sitdown scooter,97tgEtJYWyO2JHhLVFX6Xg==
1001043810,sitdown scooter,97tgEtJYWyO2JHhLVFX6Xg==
1001044577,sitdown scooter,97tgEtJYWyO2JHhLVFX6Xg==
1001022947,sitdown scooter,97tgEtJYWyO2JHhLVFX6Xg==
1001024058,sitdown scooter,97tgEtJYWyO2JHhLVFX6Xg==
1001023956,sitdown scooter,97tgEtJYWyO2JHhLVFX6Xg==
1001023654,sitdown scooter,97tgEtJYWyO2JHhLVFX6Xg==
1001018319,sitdown scooter,97tgEtJYWyO2JHhLVFX6Xg==
1001023797,sitdown scooter,97tgEtJYWyO2JHhLVFX6Xg==
1001048623,sitdown scooter,97tgEtJYWyO2JHhLVFX6Xg==
1001048515,sitdown scooter,97tgEtJYWyO2JHhLVFX6Xg==
1001024301,sitdown scooter,97tgEtJYWyO2JHhLVFX6Xg==
1001017638,sitdown scooter,97tgEtJYWyO2JHhLVFX6Xg==
1001044510,sitdown scooter,97tgEtJYWyO2JHhLVFX6Xg==
1001044315,sitdown scooter,97tgEtJYWyO2JHhLVFX6Xg==
1001043802,sitdown scooter,97tgEtJYWyO2JHhLVFX6Xg==
1001017681,sitdown scooter,97tgEtJYWyO2JHhLVFX6Xg==
1001018246,sitdown scooter,97tgEtJYWyO2JHhLVFX6Xg==
1001022881,sitdown scooter,97tgEtJYWyO2JHhLVFX6Xg==
1001021910,sitdown scooter,97tgEtJYWyO2JHhLVFX6Xg==
1001044441,sitdown scooter,97tgEtJYWyO2JHhLVFX6Xg==
1001023899,sitdown scooter,97tgEtJYWyO2JHhLVFX6Xg==
1001018566,sitdown scooter,97tgEtJYWyO2JHhLVFX6Xg==
1001043949,sitdown scooter,97tgEtJYWyO2JHhLVFX6Xg==
1001017323,sitdown scooter,97tgEtJYWyO2JHhLVFX6Xg==
1001048551,sitdown scooter,97tgEtJYWyO2JHhLVFX6Xg==
1001044149,sitdown scooter,97tgEtJYWyO2JHhLVFX6Xg==
1001019203,sitdown scooter,97tgEtJYWyO2JHhLVFX6Xg==
1001018342,sitdown scooter,97tgEtJYWyO2JHhLVFX6Xg==
1001019532,sitdown scooter,97tgEtJYWyO2JHhLVFX6Xg==
1001048649,sitdown scooter,97tgEtJYWyO2JHhLVFX6Xg==
1001023672,sitdown scooter,97tgEtJYWyO2JHhLVFX6Xg==
1001016366,sitdown scooter,97tgEtJYWyO2JHhLVFX6Xg==
1001023021,sitdown scooter,97tgEtJYWyO2JHhLVFX6Xg==
1001017929,sitdown scooter,97tgEtJYWyO2JHhLVFX6Xg==
1001021499,sitdown scooter,97tgEtJYWyO2JHhLVFX6Xg==
1101010597,standup scooter,AfYytuJIqERCPvAZ49VTAQ==
1101010326,standup scooter,AfYytuJIqERCPvAZ49VTAQ==
1101010690,standup scooter,AfYytuJIqERCPvAZ49VTAQ==
1101010587,standup scooter,AfYytuJIqERCPvAZ49VTAQ==
51123550,standup scooter,BGVY5xSWxW8syZF86Nz26g==
51124945,standup scooter,BGVY5xSWxW8syZF86Nz26g==
51126254,standup scooter,BGVY5xSWxW8syZF86Nz26g==
51124961,standup scooter,BGVY5xSWxW8syZF86Nz26g==
51126829,standup scooter,BGVY5xSWxW8syZF86Nz26g==
51124701,standup scooter,BGVY5xSWxW8syZF86Nz26g==
51124964,standup scooter,BGVY5xSWxW8syZF86Nz26g==
51124791,standup scooter,BGVY5xSWxW8syZF86Nz26g==
51123385,standup scooter,BGVY5xSWxW8syZF86Nz26g==
51123584,standup scooter,BGVY5xSWxW8syZF86Nz26g==
51123624,standup scooter,BGVY5xSWxW8syZF86Nz26g==
51126454,standup scooter,BGVY5xSWxW8syZF86Nz26g==
51126790,standup scooter,BGVY5xSWxW8syZF86Nz26g==
51120144,standup scooter,BGVY5xSWxW8syZF86Nz26g==
51124468,standup scooter,BGVY5xSWxW8syZF86Nz26g==
51124530,standup scooter,BGVY5xSWxW8syZF86Nz26g==
51123790,standup scooter,BGVY5xSWxW8syZF86Nz26g==
51123422,standup scooter,BGVY5xSWxW8syZF86Nz26g==
51123600,standup scooter,BGVY5xSWxW8syZF86Nz26g==
51124452,standup scooter,BGVY5xSWxW8syZF86Nz26g==
51126946,standup scooter,BGVY5xSWxW8syZF86Nz26g==
51124494,standup scooter,BGVY5xSWxW8syZF86Nz26g==
51123444,standup scooter,BGVY5xSWxW8syZF86Nz26g==
51124503,standup scooter,BGVY5xSWxW8syZF86Nz26g==
1101038875,standup scooter,EKV5YeKo2Brwuwa+ClueWw==
1101035358,standup scooter,E5PhctB215m/8mp7S9AqsQ==
1101030572,standup scooter,E5PhctB215m/8mp7S9AqsQ==
1101030679,standup scooter,E5PhctB215m/8mp7S9AqsQ==
1101030895,standup scooter,LsqCzFI+ISmY2e9KuSa/kQ==
1001035846,standup scooter,MLQtKKc2D8p13jKs1MOtfg==
1101017571,standup scooter,MLQtKKc2D8p13jKs1MOtfg==
1001033471,standup scooter,MLQtKKc2D8p13jKs1MOtfg==
1101041209,standup scooter,MLQtKKc2D8p13jKs1MOtfg==
1001036685,standup scooter,MLQtKKc2D8p13jKs1MOtfg==
1101038931,standup scooter,MLQtKKc2D8p13jKs1MOtfg==
1001031539,standup scooter,MLQtKKc2D8p13jKs1MOtfg==
1001035473,standup scooter,MLQtKKc2D8p13jKs1MOtfg==
1101040887,standup scooter,MLQtKKc2D8p13jKs1MOtfg==
1001030230,standup scooter,MLQtKKc2D8p13jKs1MOtfg==
1001035310,standup scooter,MLQtKKc2D8p13jKs1MOtfg==
1001033699,standup scooter,MLQtKKc2D8p13jKs1MOtfg==
1001037256,standup scooter,MLQtKKc2D8p13jKs1MOtfg==
1001036523,standup scooter,MLQtKKc2D8p13jKs1MOtfg==
1101011914,standup scooter,N/WPGB8ShnZcI3IW+HdOog==
1101010965,standup scooter,N/WPGB8ShnZcI3IW+HdOog==
1101010911,standup scooter,N/WPGB8ShnZcI3IW+HdOog==
1101011116,standup scooter,N/WPGB8ShnZcI3IW+HdOog==
1101010717,standup scooter,N/6fxu18bF5c/Xfxz1jkYA==
1101010286,standup scooter,N/6fxu18bF5c/Xfxz1jkYA==
1101010603,standup scooter,N/6fxu18bF5c/Xfxz1jkYA==
1101010308,standup scooter,N/6fxu18bF5c/Xfxz1jkYA==
1101010722,standup scooter,N/6fxu18bF5c/Xfxz1jkYA==
51123449,standup scooter,OrZZm7FErHWwqDyKxgYYag==
51126276,standup scooter,OrZZm7FErHWwqDyKxgYYag==
51123638,standup scooter,OrZZm7FErHWwqDyKxgYYag==
51124603,standup scooter,OrZZm7FErHWwqDyKxgYYag==
51126295,standup scooter,OrZZm7FErHWwqDyKxgYYag==
51124398,standup scooter,OrZZm7FErHWwqDyKxgYYag==
1101036065,standup scooter,Sq1BcXIOVwTt/bFfKER/7A==
1101034983,standup scooter,Sq1BcXIOVwTt/bFfKER/7A==
1101030490,standup scooter,Sq1BcXIOVwTt/bFfKER/7A==
1101021116,standup scooter,Sq1BcXIOVwTt/bFfKER/7A==
1101035455,standup scooter,Sq1BcXIOVwTt/bFfKER/7A==
1101035459,standup scooter,Sq1BcXIOVwTt/bFfKER/7A==
1101030498,standup scooter,Sq1BcXIOVwTt/bFfKER/7A==
1101030497,standup scooter,Sq1BcXIOVwTt/bFfKER/7A==
1101030682,standup scooter,Sq1BcXIOVwTt/bFfKER/7A==
1101036695,standup scooter,Sq1BcXIOVwTt/bFfKER/7A==
1101035508,standup scooter,Sq1BcXIOVwTt/bFfKER/7A==
1101030485,standup scooter,Sq1BcXIOVwTt/bFfKER/7A==
1101036851,standup scooter,Sq1BcXIOVwTt/bFfKER/7A==
1101030475,standup scooter,Sq1BcXIOVwTt/bFfKER/7A==
1101030522,standup scooter,Sq1BcXIOVwTt/bFfKER/7A==
1101035686,standup scooter,Sq1BcXIOVwTt/bFfKER/7A==
1101035191,standup scooter,Sq1BcXIOVwTt/bFfKER/7A==
1101030244,standup scooter,Sq1BcXIOVwTt/bFfKER/7A==
1101035512,standup scooter,Sq1BcXIOVwTt/bFfKER/7A==
1101035905,standup scooter,Sq1BcXIOVwTt/bFfKER/7A==
1101051498,standup scooter,Sq1BcXIOVwTt/bFfKER/7A==
1101035190,standup scooter,Sq1BcXIOVwTt/bFfKER/7A==
1101030915,standup scooter,Sq1BcXIOVwTt/bFfKER/7A==
1101051488,standup scooter,Sq1BcXIOVwTt/bFfKER/7A==
1101030536,standup scooter,Sq1BcXIOVwTt/bFfKER/7A==
1101035352,standup scooter,Sq1BcXIOVwTt/bFfKER/7A==
1101035453,standup scooter,Sq1BcXIOVwTt/bFfKER/7A==
1101035546,standup scooter,Sq1BcXIOVwTt/bFfKER/7A==
51123091,standup scooter,TbXORFIKXYK9ndzXG7wNYA==
1001032030,standup scooter,VpCwuoMfzlUT75Nz1M6oTA==
1101038807,standup scooter,VpCwuoMfzlUT75Nz1M6oTA==
1001037206,standup scooter,VpCwuoMfzlUT75Nz1M6oTA==
1101017830,standup scooter,WhnL5zS8l3BWros/reR8Vg==
1101017623,standup scooter,WthtcDyr0xBPIdy2RGYDUA==
1001035590,standup scooter,WthtcDyr0xBPIdy2RGYDUA==
1001036639,standup scooter,WthtcDyr0xBPIdy2RGYDUA==
1101016799,standup scooter,WthtcDyr0xBPIdy2RGYDUA==
1101032756,standup scooter,WthtcDyr0xBPIdy2RGYDUA==
1001031537,standup scooter,WthtcDyr0xBPIdy2RGYDUA==
1101040127,standup scooter,WthtcDyr0xBPIdy2RGYDUA==
1001035881,standup scooter,WthtcDyr0xBPIdy2RGYDUA==
1101017698,standup scooter,WthtcDyr0xBPIdy2RGYDUA==
1101017535,standup scooter,WthtcDyr0xBPIdy2RGYDUA==
1001037119,standup scooter,WthtcDyr0xBPIdy2RGYDUA==
1101017931,standup scooter,WthtcDyr0xBPIdy2RGYDUA==
1001036706,standup scooter,WthtcDyr0xBPIdy2RGYDUA==
1101017797,standup scooter,WthtcDyr0xBPIdy2RGYDUA==
1001035136,standup scooter,WthtcDyr0xBPIdy2RGYDUA==
1001036688,standup scooter,WthtcDyr0xBPIdy2RGYDUA==
1101034666,standup scooter,WthtcDyr0xBPIdy2RGYDUA==
1001033684,standup scooter,WthtcDyr0xBPIdy2RGYDUA==
51119649,standup scooter,Yck9/6g/3eGG8A0sD5YE4A==
1101034875,standup scooter,ZVfYMy8eobVpHI5p62r0vg==
1101059361,standup scooter,ZVfYMy8eobVpHI5p62r0vg==
1101016950,standup scooter,ZVfYMy8eobVpHI5p62r0vg==
1001033566,standup scooter,ZVfYMy8eobVpHI5p62r0vg==
1101017704,standup scooter,ZVfYMy8eobVpHI5p62r0vg==
1001034833,standup scooter,bAyW6Vp9rXQuZxFm3dHOiQ==
1001036039,standup scooter,bAyW6Vp9rXQuZxFm3dHOiQ==
1101017190,standup scooter,bAyW6Vp9rXQuZxFm3dHOiQ==
1101018097,standup scooter,bAyW6Vp9rXQuZxFm3dHOiQ==
1001035688,standup scooter,bAyW6Vp9rXQuZxFm3dHOiQ==
1101016922,standup scooter,bAyW6Vp9rXQuZxFm3dHOiQ==
1101038948,standup scooter,bAyW6Vp9rXQuZxFm3dHOiQ==
1101016875,standup scooter,bAyW6Vp9rXQuZxFm3dHOiQ==
1001036703,standup scooter,bAyW6Vp9rXQuZxFm3dHOiQ==
1101041968,standup scooter,bAyW6Vp9rXQuZxFm3dHOiQ==
1001035925,standup scooter,bAyW6Vp9rXQuZxFm3dHOiQ==
1001037271,standup scooter,ep/bkL0cHa9inaxqb3HNow==
1101040942,standup scooter,ep/bkL0cHa9inaxqb3HNow==
1101062738,standup scooter,ep/bkL0cHa9inaxqb3HNow==
1101038219,standup scooter,ep/bkL0cHa9inaxqb3HNow==
1001030392,standup scooter,ep/bkL0cHa9inaxqb3HNow==
1101038220,standup scooter,ep/bkL0cHa9inaxqb3HNow==
1001036353,standup scooter,ep/bkL0cHa9inaxqb3HNow==
1101034874,standup scooter,ep/bkL0cHa9inaxqb3HNow==
1101038366,standup scooter,ep/bkL0cHa9inaxqb3HNow==
1101038198,standup scooter,ep/bkL0cHa9inaxqb3HNow==
1101038638,standup scooter,ep/bkL0cHa9inaxqb3HNow==
1101017332,standup scooter,ep/bkL0cHa9inaxqb3HNow==
1001036584,standup scooter,ep/bkL0cHa9inaxqb3HNow==
1001037302,standup scooter,ep/bkL0cHa9inaxqb3HNow==
1101041760,standup scooter,ep/bkL0cHa9inaxqb3HNow==
1001035531,standup scooter,ep/bkL0cHa9inaxqb3HNow==
1001031534,standup scooter,ep/bkL0cHa9inaxqb3HNow==
1001032039,standup scooter,ep/bkL0cHa9inaxqb3HNow==
1001033541,standup scooter,ep/bkL0cHa9inaxqb3HNow==
1001033244,standup scooter,ep/bkL0cHa9inaxqb3HNow==
1001036327,standup scooter,ep/bkL0cHa9inaxqb3HNow==
1101041177,standup scooter,ep/bkL0cHa9inaxqb3HNow==
1101038871,standup scooter,ep/bkL0cHa9inaxqb3HNow==
1001033696,standup scooter,ep/bkL0cHa9inaxqb3HNow==
1101040147,standup scooter,ep/bkL0cHa9inaxqb3HNow==
1101040830,standup scooter,ep/bkL0cHa9inaxqb3HNow==
1101040914,standup scooter,ep/bkL0cHa9inaxqb3HNow==
1101032512,standup scooter,ep/bkL0cHa9inaxqb3HNow==
1101036420,standup scooter,ep/bkL0cHa9inaxqb3HNow==
1101032759,standup scooter,ep/bkL0cHa9inaxqb3HNow==
1101059143,standup scooter,ep/bkL0cHa9inaxqb3HNow==
1001032052,standup scooter,ep/bkL0cHa9inaxqb3HNow==
1001037112,standup scooter,ep/bkL0cHa9inaxqb3HNow==
1001033685,standup scooter,ep/bkL0cHa9inaxqb3HNow==
1001035635,standup scooter,ep/bkL0cHa9inaxqb3HNow==
1101036354,standup scooter,ep/bkL0cHa9inaxqb3HNow==
1101038139,standup scooter,ep/bkL0cHa9inaxqb3HNow==
1101038722,standup scooter,ep/bkL0cHa9inaxqb3HNow==
1001035750,standup scooter,ep/bkL0cHa9inaxqb3HNow==
1101039097,standup scooter,ep/bkL0cHa9inaxqb3HNow==
1101038229,standup scooter,ep/bkL0cHa9inaxqb3HNow==
1001031536,standup scooter,ep/bkL0cHa9inaxqb3HNow==
1101036343,standup scooter,ep/bkL0cHa9inaxqb3HNow==
1101038386,standup scooter,ep/bkL0cHa9inaxqb3HNow==
1001032057,standup scooter,ep/bkL0cHa9inaxqb3HNow==
1101038132,standup scooter,ep/bkL0cHa9inaxqb3HNow==
1001035880,standup scooter,ep/bkL0cHa9inaxqb3HNow==
1101042024,standup scooter,ep/bkL0cHa9inaxqb3HNow==
1101032505,standup scooter,ep/bkL0cHa9inaxqb3HNow==
1101038989,standup scooter,ep/bkL0cHa9inaxqb3HNow==
1101036279,standup scooter,ep/bkL0cHa9inaxqb3HNow==
1001033491,standup scooter,ep/bkL0cHa9inaxqb3HNow==
1101017825,standup scooter,ep/bkL0cHa9inaxqb3HNow==
1101040870,standup scooter,ep/bkL0cHa9inaxqb3HNow==
1101017836,standup scooter,ep/bkL0cHa9inaxqb3HNow==
1101040947,standup scooter,ep/bkL0cHa9inaxqb3HNow==
1101032280,standup scooter,ep/bkL0cHa9inaxqb3HNow==
1101041935,standup scooter,ep/bkL0cHa9inaxqb3HNow==
1101061357,standup scooter,ep/bkL0cHa9inaxqb3HNow==
1101062591,standup scooter,ep/bkL0cHa9inaxqb3HNow==
1001033230,standup scooter,ep/bkL0cHa9inaxqb3HNow==
1001031707,standup scooter,ep/bkL0cHa9inaxqb3HNow==
1101041046,standup scooter,ep/bkL0cHa9inaxqb3HNow==
1101041123,standup scooter,ep/bkL0cHa9inaxqb3HNow==
1101014022,standup scooter,ep/bkL0cHa9inaxqb3HNow==
1001033231,standup scooter,ep/bkL0cHa9inaxqb3HNow==
1101038877,standup scooter,ep/bkL0cHa9inaxqb3HNow==
1001035596,standup scooter,ep/bkL0cHa9inaxqb3HNow==
1101062608,standup scooter,ep/bkL0cHa9inaxqb3HNow==
1001037324,standup scooter,ep/bkL0cHa9inaxqb3HNow==
1101038632,standup scooter,ep/bkL0cHa9inaxqb3HNow==
1001036021,standup scooter,ep/bkL0cHa9inaxqb3HNow==
1101038192,standup scooter,ep/bkL0cHa9inaxqb3HNow==
1001036049,standup scooter,ep/bkL0cHa9inaxqb3HNow==
1001035623,standup scooter,ep/bkL0cHa9inaxqb3HNow==
1101042026,standup scooter,ep/bkL0cHa9inaxqb3HNow==
1101038922,standup scooter,ep/bkL0cHa9inaxqb3HNow==
1101017407,standup scooter,ep/bkL0cHa9inaxqb3HNow==
1101041176,standup scooter,ep/bkL0cHa9inaxqb3HNow==
1101040884,standup scooter,ep/bkL0cHa9inaxqb3HNow==
1101040511,standup scooter,ep/bkL0cHa9inaxqb3HNow==
1101062682,standup scooter,ep/bkL0cHa9inaxqb3HNow==
1101041033,standup scooter,ep/bkL0cHa9inaxqb3HNow==
1101041965,standup scooter,ep/bkL0cHa9inaxqb3HNow==
1001032067,standup scooter,ep/bkL0cHa9inaxqb3HNow==
1101038911,standup scooter,ep/bkL0cHa9inaxqb3HNow==
1101038633,standup scooter,ep/bkL0cHa9inaxqb3HNow==
1101059165,standup scooter,ep/bkL0cHa9inaxqb3HNow==
1001036823,standup scooter,ep/bkL0cHa9inaxqb3HNow==
1101036296,standup scooter,ep/bkL0cHa9inaxqb3HNow==
1001035428,standup scooter,ep/bkL0cHa9inaxqb3HNow==
1101062024,standup scooter,ep/bkL0cHa9inaxqb3HNow==
1101038279,standup scooter,ep/bkL0cHa9inaxqb3HNow==
1101038271,standup scooter,ep/bkL0cHa9inaxqb3HNow==
1101038295,standup scooter,ep/bkL0cHa9inaxqb3HNow==
1001037094,standup scooter,ep/bkL0cHa9inaxqb3HNow==
1001035599,standup scooter,ep/bkL0cHa9inaxqb3HNow==
1101040972,standup scooter,ep/bkL0cHa9inaxqb3HNow==
1101032812,standup scooter,ep/bkL0cHa9inaxqb3HNow==
1101034872,standup scooter,ep/bkL0cHa9inaxqb3HNow==
1001035646,standup scooter,ep/bkL0cHa9inaxqb3HNow==
1001031689,standup scooter,ep/bkL0cHa9inaxqb3HNow==
1101040946,standup scooter,ep/bkL0cHa9inaxqb3HNow==
1101041252,standup scooter,ep/bkL0cHa9inaxqb3HNow==
1001033261,standup scooter,ep/bkL0cHa9inaxqb3HNow==
1101038808,standup scooter,ep/bkL0cHa9inaxqb3HNow==
1101040244,standup scooter,ep/bkL0cHa9inaxqb3HNow==
1101040260,standup scooter,ep/bkL0cHa9inaxqb3HNow==
1101036248,standup scooter,ep/bkL0cHa9inaxqb3HNow==
1101040963,standup scooter,ep/bkL0cHa9inaxqb3HNow==
1001033708,standup scooter,ep/bkL0cHa9inaxqb3HNow==
1101040878,standup scooter,ep/bkL0cHa9inaxqb3HNow==
1101036421,standup scooter,ep/bkL0cHa9inaxqb3HNow==
1101040351,standup scooter,ep/bkL0cHa9inaxqb3HNow==
1101038369,standup scooter,ep/bkL0cHa9inaxqb3HNow==
1101040454,standup scooter,ep/bkL0cHa9inaxqb3HNow==
1101036310,standup scooter,ep/bkL0cHa9inaxqb3HNow==
1101017335,standup scooter,ep/bkL0cHa9inaxqb3HNow==
1101032921,standup scooter,ep/bkL0cHa9inaxqb3HNow==
1101039103,standup scooter,ep/bkL0cHa9inaxqb3HNow==
1101017239,standup scooter,ep/bkL0cHa9inaxqb3HNow==
1001031533,standup scooter,ep/bkL0cHa9inaxqb3HNow==
1001037197,standup scooter,ep/bkL0cHa9inaxqb3HNow==
1001031704,standup scooter,ep/bkL0cHa9inaxqb3HNow==
1101032269,standup scooter,ep/bkL0cHa9inaxqb3HNow==
1001035393,standup scooter,ep/bkL0cHa9inaxqb3HNow==
1001033692,standup scooter,ep/bkL0cHa9inaxqb3HNow==
1001037205,standup scooter,ep/bkL0cHa9inaxqb3HNow==
1101036293,standup scooter,ep/bkL0cHa9inaxqb3HNow==
1001036510,standup scooter,ep/bkL0cHa9inaxqb3HNow==
1001035677,standup scooter,ep/bkL0cHa9inaxqb3HNow==
1101036304,standup scooter,ep/bkL0cHa9inaxqb3HNow==
1001036980,standup scooter,ep/bkL0cHa9inaxqb3HNow==
1101012972,standup scooter,ep/bkL0cHa9inaxqb3HNow==
1101041173,standup scooter,ep/bkL0cHa9inaxqb3HNow==
1101040184,standup scooter,ep/bkL0cHa9inaxqb3HNow==
1101059155,standup scooter,ep/bkL0cHa9inaxqb3HNow==
1101038209,standup scooter,ep/bkL0cHa9inaxqb3HNow==
1101041164,standup scooter,ep/bkL0cHa9inaxqb3HNow==
1001036038,standup scooter,ep/bkL0cHa9inaxqb3HNow==
1001035445,standup scooter,ep/bkL0cHa9inaxqb3HNow==
1001031665,standup scooter,ep/bkL0cHa9inaxqb3HNow==
1101036331,standup scooter,e5WJciYfO7KtbE/PkvkIwA==
1101012657,standup scooter,g0avNyOgMl3o9n6SPfv5Ig==
1101030901,standup scooter,h835B7mEa5drajraLPdJew==
1101010321,standup scooter,iRvob4IqGW1vcglX3amG7w==
51119551,standup scooter,lcOkOFFja8Ju4Y8Rk2vsUg==
51116837,standup scooter,mTmlOxlybAHxYvxytvPs8A==
51124462,standup scooter,oq1EYpG57W1XkWuzkyS3gw==
51123505,standup scooter,oq1EYpG57W1XkWuzkyS3gw==
51124907,standup scooter,oq1EYpG57W1XkWuzkyS3gw==
51113270,standup scooter,oq1EYpG57W1XkWuzkyS3gw==
1101012204,standup scooter,pPcOCcwdJssZ1nXjDiSIHQ==
1101017363,standup scooter,slg4ALLwRYdY1EVAFIoKCw==
1101040146,standup scooter,slg4ALLwRYdY1EVAFIoKCw==
1001036573,standup scooter,slg4ALLwRYdY1EVAFIoKCw==
1101039919,standup scooter,slg4ALLwRYdY1EVAFIoKCw==
1101040906,standup scooter,slg4ALLwRYdY1EVAFIoKCw==
1101038358,standup scooter,slg4ALLwRYdY1EVAFIoKCw==
1001035451,standup scooter,slg4ALLwRYdY1EVAFIoKCw==
1101038828,standup scooter,slg4ALLwRYdY1EVAFIoKCw==
1101038282,standup scooter,slg4ALLwRYdY1EVAFIoKCw==
1001036705,standup scooter,slg4ALLwRYdY1EVAFIoKCw==
1001037200,standup scooter,slg4ALLwRYdY1EVAFIoKCw==
1101017870,standup scooter,slg4ALLwRYdY1EVAFIoKCw==
1001037009,standup scooter,slg4ALLwRYdY1EVAFIoKCw==
1101038199,standup scooter,slg4ALLwRYdY1EVAFIoKCw==
1001033534,standup scooter,slg4ALLwRYdY1EVAFIoKCw==
1101041936,standup scooter,slg4ALLwRYdY1EVAFIoKCw==
1101017927,standup scooter,slg4ALLwRYdY1EVAFIoKCw==
1101032754,standup scooter,slg4ALLwRYdY1EVAFIoKCw==
1001035858,standup scooter,slg4ALLwRYdY1EVAFIoKCw==
1001035427,standup scooter,slg4ALLwRYdY1EVAFIoKCw==
1101018098,standup scooter,slg4ALLwRYdY1EVAFIoKCw==
1101017434,standup scooter,slg4ALLwRYdY1EVAFIoKCw==
1001036062,standup scooter,slg4ALLwRYdY1EVAFIoKCw==
1101059424,standup scooter,slg4ALLwRYdY1EVAFIoKCw==
1001035133,standup scooter,slg4ALLwRYdY1EVAFIoKCw==
1101038228,standup scooter,slg4ALLwRYdY1EVAFIoKCw==
1101032918,standup scooter,slg4ALLwRYdY1EVAFIoKCw==
1101032790,standup scooter,slg4ALLwRYdY1EVAFIoKCw==
1101032817,standup scooter,slg4ALLwRYdY1EVAFIoKCw==
1101017275,standup scooter,slg4ALLwRYdY1EVAFIoKCw==
1101062003,standup scooter,slg4ALLwRYdY1EVAFIoKCw==
1001037220,standup scooter,slg4ALLwRYdY1EVAFIoKCw==
1101032428,standup scooter,slg4ALLwRYdY1EVAFIoKCw==
1101017842,standup scooter,slg4ALLwRYdY1EVAFIoKCw==
1001035205,standup scooter,slg4ALLwRYdY1EVAFIoKCw==
1101017224,standup scooter,slg4ALLwRYdY1EVAFIoKCw==
1101017420,standup scooter,slg4ALLwRYdY1EVAFIoKCw==
1101038666,standup scooter,slg4ALLwRYdY1EVAFIoKCw==
1101017923,standup scooter,slg4ALLwRYdY1EVAFIoKCw==
1001031640,standup scooter,slg4ALLwRYdY1EVAFIoKCw==
1001035482,standup scooter,slg4ALLwRYdY1EVAFIoKCw==
1101017526,standup scooter,slg4ALLwRYdY1EVAFIoKCw==
1101016661,standup scooter,slg4ALLwRYdY1EVAFIoKCw==
1001035890,standup scooter,slg4ALLwRYdY1EVAFIoKCw==
1001037303,standup scooter,slg4ALLwRYdY1EVAFIoKCw==
1001036063,standup scooter,slg4ALLwRYdY1EVAFIoKCw==
1001036511,standup scooter,slg4ALLwRYdY1EVAFIoKCw==
1101016818,standup scooter,slg4ALLwRYdY1EVAFIoKCw==
1101038665,standup scooter,slg4ALLwRYdY1EVAFIoKCw==
1001035885,standup scooter,slg4ALLwRYdY1EVAFIoKCw==
1001035124,standup scooter,slg4ALLwRYdY1EVAFIoKCw==
1101032827,standup scooter,slg4ALLwRYdY1EVAFIoKCw==
1001036054,standup scooter,slg4ALLwRYdY1EVAFIoKCw==
1101034797,standup scooter,slg4ALLwRYdY1EVAFIoKCw==
1101032915,standup scooter,slg4ALLwRYdY1EVAFIoKCw==
1001036676,standup scooter,slg4ALLwRYdY1EVAFIoKCw==
1001036534,standup scooter,slg4ALLwRYdY1EVAFIoKCw==
1101038886,standup scooter,slg4ALLwRYdY1EVAFIoKCw==
1001035605,standup scooter,slg4ALLwRYdY1EVAFIoKCw==
1101017673,standup scooter,slg4ALLwRYdY1EVAFIoKCw==
1101036241,standup scooter,slg4ALLwRYdY1EVAFIoKCw==
1101017958,standup scooter,slg4ALLwRYdY1EVAFIoKCw==
1101017290,standup scooter,slg4ALLwRYdY1EVAFIoKCw==
1001037268,standup scooter,slg4ALLwRYdY1EVAFIoKCw==
1101016720,standup scooter,slg4ALLwRYdY1EVAFIoKCw==
1001035902,standup scooter,slg4ALLwRYdY1EVAFIoKCw==
1101040944,standup scooter,slg4ALLwRYdY1EVAFIoKCw==
1001035296,standup scooter,slg4ALLwRYdY1EVAFIoKCw==
1101061433,standup scooter,slg4ALLwRYdY1EVAFIoKCw==
1101059209,standup scooter,slg4ALLwRYdY1EVAFIoKCw==
1101017355,standup scooter,slg4ALLwRYdY1EVAFIoKCw==
1001035774,standup scooter,slg4ALLwRYdY1EVAFIoKCw==
1001030240,standup scooter,slg4ALLwRYdY1EVAFIoKCw==
1101036238,standup scooter,slg4ALLwRYdY1EVAFIoKCw==
1101041915,standup scooter,slg4ALLwRYdY1EVAFIoKCw==
1101064215,standup scooter,slg4ALLwRYdY1EVAFIoKCw==
1101032779,standup scooter,slg4ALLwRYdY1EVAFIoKCw==
1101062629,standup scooter,slg4ALLwRYdY1EVAFIoKCw==
1001036750,standup scooter,slg4ALLwRYdY1EVAFIoKCw==
1101062748,standup scooter,slg4ALLwRYdY1EVAFIoKCw==
1101041926,standup scooter,slg4ALLwRYdY1EVAFIoKCw==
1001036335,standup scooter,slg4ALLwRYdY1EVAFIoKCw==
1001037278,standup scooter,slg4ALLwRYdY1EVAFIoKCw==
1101032803,standup scooter,slg4ALLwRYdY1EVAFIoKCw==
1001036395,standup scooter,slg4ALLwRYdY1EVAFIoKCw==
1001036065,standup scooter,slg4ALLwRYdY1EVAFIoKCw==
1001036540,standup scooter,slg4ALLwRYdY1EVAFIoKCw==
1001037157,standup scooter,slg4ALLwRYdY1EVAFIoKCw==
1001036390,standup scooter,slg4ALLwRYdY1EVAFIoKCw==
1001035206,standup scooter,slg4ALLwRYdY1EVAFIoKCw==
1101059222,standup scooter,slg4ALLwRYdY1EVAFIoKCw==
1001035866,standup scooter,slg4ALLwRYdY1EVAFIoKCw==
1101036387,standup scooter,slg4ALLwRYdY1EVAFIoKCw==
1001035593,standup scooter,slg4ALLwRYdY1EVAFIoKCw==
1001037017,standup scooter,slg4ALLwRYdY1EVAFIoKCw==
1001036768,standup scooter,slg4ALLwRYdY1EVAFIoKCw==
1101038794,standup scooter,slg4ALLwRYdY1EVAFIoKCw==
1101036460,standup scooter,slg4ALLwRYdY1EVAFIoKCw==
1101017310,standup scooter,slg4ALLwRYdY1EVAFIoKCw==
1101042096,standup scooter,slg4ALLwRYdY1EVAFIoKCw==
1101034947,standup scooter,slg4ALLwRYdY1EVAFIoKCw==
1101061673,standup scooter,slg4ALLwRYdY1EVAFIoKCw==
1001035465,standup scooter,slg4ALLwRYdY1EVAFIoKCw==
1101039076,standup scooter,slg4ALLwRYdY1EVAFIoKCw==
1101062025,standup scooter,slg4ALLwRYdY1EVAFIoKCw==
1001036046,standup scooter,slg4ALLwRYdY1EVAFIoKCw==
1001033264,standup scooter,slg4ALLwRYdY1EVAFIoKCw==
1101017855,standup scooter,vle2j0hPncVImvwbi5/ZsA==
1101017358,standup scooter,vle2j0hPncVImvwbi5/ZsA==
1101062015,standup scooter,vle2j0hPncVImvwbi5/ZsA==
1101017978,standup scooter,wozaG/BncWqtgs/C2HwPLw==
1101017467,standup scooter,wozaG/BncWqtgs/C2HwPLw==
1101017336,standup scooter,wozaG/BncWqtgs/C2HwPLw==
1101010781,standup scooter,zdkG3tsgI2ryWlEW0N39lQ==
1101011212,standup scooter,zdkG3tsgI2ryWlEW0N39lQ==
1101012541,standup scooter,zdkG3tsgI2ryWlEW0N39lQ==
1101010824,standup scooter,zdkG3tsgI2ryWlEW0N39lQ==
1101014315,standup scooter,1XzfzguYhmVeF+JPyRU11A==
1101038324,standup scooter,3NsBJTGVLWSANIm/ZyHoJA==
1101032822,standup scooter,3NsBJTGVLWSANIm/ZyHoJA==
1101017696,standup scooter,3NsBJTGVLWSANIm/ZyHoJA==
1101041201,standup scooter,3NsBJTGVLWSANIm/ZyHoJA==
1001031631,standup scooter,3NsBJTGVLWSANIm/ZyHoJA==
1001031698,standup scooter,3NsBJTGVLWSANIm/ZyHoJA==
1101017054,standup scooter,3NsBJTGVLWSANIm/ZyHoJA==
1101040962,standup scooter,3NsBJTGVLWSANIm/ZyHoJA==
1001032053,standup scooter,3NsBJTGVLWSANIm/ZyHoJA==
1101040290,standup scooter,3NsBJTGVLWSANIm/ZyHoJA==
1101010721,standup scooter,6irnFw4a2AjY4FjwFEcrOA==
1101012723,standup scooter,7f17YjDQRXJwBqZ6mxcm9w==
1101010962,standup scooter,7f17YjDQRXJwBqZ6mxcm9w==
1101010685,standup scooter,72GfjQv22OgLY679FuXbBA==
1101010662,standup scooter,72GfjQv22OgLY679FuXbBA==
1101010345,standup scooter,7+6jX6axpdr+VvK2F5M7jw==
1101010270,standup scooter,7+6jX6axpdr+VvK2F5M7jw==
1101010707,standup scooter,7+6jX6axpdr+VvK2F5M7jw==
1101010636,standup scooter,7+6jX6axpdr+VvK2F5M7jw==
1101010271,standup scooter,7+6jX6axpdr+VvK2F5M7jw==
